DATE,NEW CISS - Composite Indicator of Systemic Stress. (CISS.D.U2.Z0Z.4F.EC.SS_CIN.IDX)
01/01/2015,0.0061
02/01/2015,0.0064
05/01/2015,0.0127
06/01/2015,0.0264
07/01/2015,0.0299
08/01/2015,0.0265
09/01/2015,0.0312
12/01/2015,0.0259
13/01/2015,0.0226
14/01/2015,0.0243
15/01/2015,0.0332
16/01/2015,0.0372
19/01/2015,0.0387
20/01/2015,0.0427
21/01/2015,0.0427
22/01/2015,0.0824
23/01/2015,0.1088
26/01/2015,0.1198
27/01/2015,0.1153
28/01/2015,0.1164
29/01/2015,0.1201
30/01/2015,0.1148
02/02/2015,0.1104
03/02/2015,0.1322
04/02/2015,0.1342
05/02/2015,0.1248
06/02/2015,0.1112
09/02/2015,0.0996
10/02/2015,0.0984
11/02/2015,0.0859
12/02/2015,0.0946
13/02/2015,0.0903
16/02/2015,0.0738
17/02/2015,0.0754
18/02/2015,0.0804
19/02/2015,0.0725
20/02/2015,0.0615
23/02/2015,0.0582
24/02/2015,0.0485
25/02/2015,0.0339
26/02/2015,0.0501
27/02/2015,0.0412
02/03/2015,0.0321
03/03/2015,0.0241
04/03/2015,0.0272
05/03/2015,0.026
06/03/2015,0.0322
09/03/2015,0.0317
10/03/2015,0.0617
11/03/2015,0.1115
12/03/2015,0.1349
13/03/2015,0.1468
16/03/2015,0.1548
17/03/2015,0.1504
18/03/2015,0.1702
19/03/2015,0.1744
20/03/2015,0.1931
23/03/2015,0.1946
24/03/2015,0.1957
25/03/2015,0.1841
26/03/2015,0.178
27/03/2015,0.1658
30/03/2015,0.1725
31/03/2015,0.1733
01/04/2015,0.1649
02/04/2015,0.1659
03/04/2015,0.1466
06/04/2015,0.1242
07/04/2015,0.1287
08/04/2015,0.1105
09/04/2015,0.1156
10/04/2015,0.113
13/04/2015,0.1064
14/04/2015,0.0858
15/04/2015,0.0726
16/04/2015,0.0627
17/04/2015,0.0691
20/04/2015,0.0735
21/04/2015,0.0681
22/04/2015,0.0587
23/04/2015,0.0653
24/04/2015,0.0661
27/04/2015,0.0745
28/04/2015,0.0716
29/04/2015,0.0779
30/04/2015,0.1043
01/05/2015,0.1146
04/05/2015,0.1191
05/05/2015,0.1192
06/05/2015,0.1364
07/05/2015,0.1305
08/05/2015,0.1418
11/05/2015,0.1364
12/05/2015,0.1266
13/05/2015,0.1302
14/05/2015,0.1227
15/05/2015,0.1162
18/05/2015,0.1134
19/05/2015,0.129
20/05/2015,0.123
21/05/2015,0.1144
22/05/2015,0.1058
25/05/2015,0.0969
26/05/2015,0.0961
27/05/2015,0.1001
28/05/2015,0.0907
29/05/2015,0.094
01/06/2015,0.091
02/06/2015,0.1101
03/06/2015,0.1186
04/06/2015,0.1202
05/06/2015,0.128
08/06/2015,0.1413
09/06/2015,0.1416
10/06/2015,0.1552
11/06/2015,0.1474
12/06/2015,0.152
15/06/2015,0.1591
16/06/2015,0.1562
17/06/2015,0.1572
18/06/2015,0.1576
19/06/2015,0.1476
22/06/2015,0.1556
23/06/2015,0.1675
24/06/2015,0.1592
25/06/2015,0.1523
26/06/2015,0.1467
29/06/2015,0.1746
30/06/2015,0.1941
01/07/2015,0.2006
02/07/2015,0.2001
03/07/2015,0.2027
06/07/2015,0.2077
07/07/2015,0.2275
08/07/2015,0.2275
09/07/2015,0.2285
10/07/2015,0.2306
13/07/2015,0.2605
14/07/2015,0.2619
15/07/2015,0.2599
16/07/2015,0.2559
17/07/2015,0.2453
20/07/2015,0.2298
21/07/2015,0.2304
22/07/2015,0.2137
23/07/2015,0.2008
24/07/2015,0.1841
27/07/2015,0.1975
28/07/2015,0.1933
29/07/2015,0.1855
30/07/2015,0.1778
31/07/2015,0.1637
03/08/2015,0.1484
04/08/2015,0.1415
05/08/2015,0.1388
06/08/2015,0.1305
07/08/2015,0.1225
10/08/2015,0.1116
11/08/2015,0.1107
12/08/2015,0.1332
13/08/2015,0.1318
14/08/2015,0.1296
17/08/2015,0.126
18/08/2015,0.1304
19/08/2015,0.1301
20/08/2015,0.163
21/08/2015,0.2022
24/08/2015,0.24
25/08/2015,0.2625
26/08/2015,0.2858
27/08/2015,0.284
28/08/2015,0.2906
31/08/2015,0.2947
01/09/2015,0.3027
02/09/2015,0.3071
03/09/2015,0.2984
04/09/2015,0.3088
07/09/2015,0.3093
08/09/2015,0.3026
09/09/2015,0.2892
10/09/2015,0.2874
11/09/2015,0.2895
14/09/2015,0.2789
15/09/2015,0.2763
16/09/2015,0.267
17/09/2015,0.2587
18/09/2015,0.3157
21/09/2015,0.3306
22/09/2015,0.3655
23/09/2015,0.3826
24/09/2015,0.3836
25/09/2015,0.3696
28/09/2015,0.3669
29/09/2015,0.3456
30/09/2015,0.3361
01/10/2015,0.3133
02/10/2015,0.2956
05/10/2015,0.2791
06/10/2015,0.2667
07/10/2015,0.2663
08/10/2015,0.2502
09/10/2015,0.2398
12/10/2015,0.2334
13/10/2015,0.2336
14/10/2015,0.2372
15/10/2015,0.2233
16/10/2015,0.2129
19/10/2015,0.1983
20/10/2015,0.1983
21/10/2015,0.1967
22/10/2015,0.2229
23/10/2015,0.2221
26/10/2015,0.2187
27/10/2015,0.2247
28/10/2015,0.2282
29/10/2015,0.2291
30/10/2015,0.2225
02/11/2015,0.2121
03/11/2015,0.199
04/11/2015,0.1919
05/11/2015,0.1843
06/11/2015,0.1896
09/11/2015,0.1995
10/11/2015,0.192
11/11/2015,0.182
12/11/2015,0.2027
13/11/2015,0.2049
16/11/2015,0.2105
17/11/2015,0.2103
18/11/2015,0.1974
19/11/2015,0.1946
20/11/2015,0.1786
23/11/2015,0.1676
24/11/2015,0.1664
25/11/2015,0.1631
26/11/2015,0.1425
27/11/2015,0.1237
30/11/2015,0.1074
01/12/2015,0.0915
02/12/2015,0.0844
03/12/2015,0.1836
04/12/2015,0.2069
07/12/2015,0.2282
08/12/2015,0.2641
09/12/2015,0.2712
10/12/2015,0.2836
11/12/2015,0.2951
14/12/2015,0.3044
15/12/2015,0.2999
16/12/2015,0.2862
17/12/2015,0.2797
18/12/2015,0.2787
21/12/2015,0.2791
22/12/2015,0.2774
23/12/2015,0.2728
24/12/2015,0.2645
25/12/2015,0.2473
28/12/2015,0.242
29/12/2015,0.2323
30/12/2015,0.2157
31/12/2015,0.1967
01/01/2016,0.1773
04/01/2016,0.1983
05/01/2016,0.1805
06/01/2016,0.1816
07/01/2016,0.2122
08/01/2016,0.2322
11/01/2016,0.2419
12/01/2016,0.242
13/01/2016,0.2343
14/01/2016,0.2349
15/01/2016,0.2612
18/01/2016,0.2569
19/01/2016,0.2476
20/01/2016,0.2719
21/01/2016,0.2689
22/01/2016,0.2588
25/01/2016,0.2556
26/01/2016,0.258
27/01/2016,0.2538
28/01/2016,0.2548
29/01/2016,0.2434
01/02/2016,0.2321
02/02/2016,0.2408
03/02/2016,0.2466
04/02/2016,0.2639
05/02/2016,0.2703
08/02/2016,0.3163
09/02/2016,0.3332
10/02/2016,0.3017
11/02/2016,0.3404
12/02/2016,0.3527
15/02/2016,0.3614
16/02/2016,0.3531
17/02/2016,0.3345
18/02/2016,0.3175
19/02/2016,0.3056
22/02/2016,0.316
23/02/2016,0.3083
24/02/2016,0.3113
25/02/2016,0.2926
26/02/2016,0.2805
29/02/2016,0.2942
01/03/2016,0.3036
02/03/2016,0.3186
03/03/2016,0.3061
04/03/2016,0.3009
07/03/2016,0.2985
08/03/2016,0.2949
09/03/2016,0.2904
10/03/2016,0.3003
11/03/2016,0.321
14/03/2016,0.3131
15/03/2016,0.311
16/03/2016,0.3069
17/03/2016,0.3188
18/03/2016,0.3076
21/03/2016,0.2901
22/03/2016,0.2778
23/03/2016,0.2561
24/03/2016,0.253
25/03/2016,0.2304
28/03/2016,0.2119
29/03/2016,0.2006
30/03/2016,0.2006
31/03/2016,0.1978
01/04/2016,0.1965
04/04/2016,0.1879
05/04/2016,0.1949
06/04/2016,0.1917
07/04/2016,0.1889
08/04/2016,0.1968
11/04/2016,0.1963
12/04/2016,0.1838
13/04/2016,0.1851
14/04/2016,0.1824
15/04/2016,0.1725
18/04/2016,0.164
19/04/2016,0.163
20/04/2016,0.1558
21/04/2016,0.1464
22/04/2016,0.1603
25/04/2016,0.171
26/04/2016,0.1729
27/04/2016,0.1726
28/04/2016,0.1823
29/04/2016,0.2155
02/05/2016,0.2123
03/05/2016,0.2533
04/05/2016,0.2568
05/05/2016,0.2556
06/05/2016,0.2543
09/05/2016,0.2417
10/05/2016,0.2356
11/05/2016,0.2263
12/05/2016,0.2146
13/05/2016,0.1973
16/05/2016,0.1767
17/05/2016,0.1599
18/05/2016,0.1577
19/05/2016,0.1458
20/05/2016,0.1422
23/05/2016,0.1439
24/05/2016,0.1622
25/05/2016,0.171
26/05/2016,0.1728
27/05/2016,0.1621
30/05/2016,0.1579
31/05/2016,0.1628
01/06/2016,0.1609
02/06/2016,0.155
03/06/2016,0.1388
06/06/2016,0.1505
07/06/2016,0.1531
08/06/2016,0.1533
09/06/2016,0.1539
10/06/2016,0.19
13/06/2016,0.2125
14/06/2016,0.2255
15/06/2016,0.2277
16/06/2016,0.2478
17/06/2016,0.2471
20/06/2016,0.2625
21/06/2016,0.2679
22/06/2016,0.2608
23/06/2016,0.2754
24/06/2016,0.3595
27/06/2016,0.4164
28/06/2016,0.4457
29/06/2016,0.4605
30/06/2016,0.4697
01/07/2016,0.4637
04/07/2016,0.4571
05/07/2016,0.466
06/07/2016,0.4577
07/07/2016,0.4452
08/07/2016,0.4295
11/07/2016,0.4141
12/07/2016,0.4092
13/07/2016,0.3958
14/07/2016,0.3847
15/07/2016,0.3791
18/07/2016,0.3659
19/07/2016,0.3572
20/07/2016,0.3469
21/07/2016,0.3332
22/07/2016,0.3209
25/07/2016,0.3068
26/07/2016,0.2921
27/07/2016,0.2962
28/07/2016,0.2854
29/07/2016,0.2759
01/08/2016,0.2645
02/08/2016,0.2879
03/08/2016,0.2737
04/08/2016,0.2901
05/08/2016,0.2899
08/08/2016,0.2839
09/08/2016,0.2796
10/08/2016,0.2661
11/08/2016,0.253
12/08/2016,0.2388
15/08/2016,0.2261
16/08/2016,0.2101
17/08/2016,0.2038
18/08/2016,0.1908
19/08/2016,0.1894
22/08/2016,0.1869
23/08/2016,0.1859
24/08/2016,0.1788
25/08/2016,0.1728
26/08/2016,0.1579
29/08/2016,0.1523
30/08/2016,0.148
31/08/2016,0.1452
01/09/2016,0.1457
02/09/2016,0.1335
05/09/2016,0.1237
06/09/2016,0.1164
07/09/2016,0.1216
08/09/2016,0.1237
09/09/2016,0.1128
12/09/2016,0.1154
13/09/2016,0.1372
14/09/2016,0.1365
15/09/2016,0.1308
16/09/2016,0.1394
19/09/2016,0.1383
20/09/2016,0.1401
21/09/2016,0.1293
22/09/2016,0.1567
23/09/2016,0.177
26/09/2016,0.1963
27/09/2016,0.2054
28/09/2016,0.2039
29/09/2016,0.1969
30/09/2016,0.1896
03/10/2016,0.1889
04/10/2016,0.1725
05/10/2016,0.1762
06/10/2016,0.1695
07/10/2016,0.172
10/10/2016,0.1716
11/10/2016,0.1585
12/10/2016,0.1467
13/10/2016,0.1549
14/10/2016,0.1578
17/10/2016,0.1624
18/10/2016,0.1779
19/10/2016,0.1739
20/10/2016,0.1714
21/10/2016,0.1523
24/10/2016,0.1467
25/10/2016,0.1416
26/10/2016,0.1414
27/10/2016,0.1432
28/10/2016,0.1393
31/10/2016,0.1466
01/11/2016,0.1431
02/11/2016,0.1522
03/11/2016,0.1689
04/11/2016,0.172
07/11/2016,0.1593
08/11/2016,0.1577
09/11/2016,0.16
10/11/2016,0.1698
11/11/2016,0.1737
14/11/2016,0.1632
15/11/2016,0.1682
16/11/2016,0.1718
17/11/2016,0.1706
18/11/2016,0.166
21/11/2016,0.1634
22/11/2016,0.174
23/11/2016,0.172
24/11/2016,0.1605
25/11/2016,0.1576
28/11/2016,0.1625
29/11/2016,0.1568
30/11/2016,0.1544
01/12/2016,0.1498
02/12/2016,0.1695
05/12/2016,0.163
06/12/2016,0.1719
07/12/2016,0.1733
08/12/2016,0.1731
09/12/2016,0.1871
12/12/2016,0.1921
13/12/2016,0.1927
14/12/2016,0.2041
15/12/2016,0.2024
16/12/2016,0.1984
19/12/2016,0.2023
20/12/2016,0.1958
21/12/2016,0.1899
22/12/2016,0.1848
23/12/2016,0.1713
26/12/2016,0.1563
27/12/2016,0.1436
28/12/2016,0.1298
29/12/2016,0.1225
30/12/2016,0.1157
02/01/2017,0.1011
03/01/2017,0.108
04/01/2017,0.1017
05/01/2017,0.0995
06/01/2017,0.0997
09/01/2017,0.1017
10/01/2017,0.1031
11/01/2017,0.0993
12/01/2017,0.1001
13/01/2017,0.0933
16/01/2017,0.0946
17/01/2017,0.1038
18/01/2017,0.1037
19/01/2017,0.1037
20/01/2017,0.1021
23/01/2017,0.1051
24/01/2017,0.1008
25/01/2017,0.1018
26/01/2017,0.1008
27/01/2017,0.1011
30/01/2017,0.1032
31/01/2017,0.1056
01/02/2017,0.1099
02/02/2017,0.1201
03/02/2017,0.1202
06/02/2017,0.1303
07/02/2017,0.1338
08/02/2017,0.1405
09/02/2017,0.1289
10/02/2017,0.1199
13/02/2017,0.1091
14/02/2017,0.1038
15/02/2017,0.0969
16/02/2017,0.0928
17/02/2017,0.0892
20/02/2017,0.0859
21/02/2017,0.0792
22/02/2017,0.0795
23/02/2017,0.082
24/02/2017,0.0832
27/02/2017,0.0792
28/02/2017,0.0765
01/03/2017,0.0786
02/03/2017,0.0822
03/03/2017,0.0806
06/03/2017,0.0826
07/03/2017,0.0855
08/03/2017,0.0876
09/03/2017,0.0849
10/03/2017,0.0863
13/03/2017,0.0936
14/03/2017,0.0926
15/03/2017,0.0849
16/03/2017,0.087
17/03/2017,0.0836
20/03/2017,0.0819
21/03/2017,0.0689
22/03/2017,0.0686
23/03/2017,0.0619
24/03/2017,0.0606
27/03/2017,0.0531
28/03/2017,0.051
29/03/2017,0.0521
30/03/2017,0.0522
31/03/2017,0.0518
03/04/2017,0.0605
04/04/2017,0.0699
05/04/2017,0.0709
06/04/2017,0.0724
07/04/2017,0.0721
10/04/2017,0.0646
11/04/2017,0.0545
12/04/2017,0.0552
13/04/2017,0.0487
14/04/2017,0.05
17/04/2017,0.0479
18/04/2017,0.0455
19/04/2017,0.0436
20/04/2017,0.0438
21/04/2017,0.0457
24/04/2017,0.0404
25/04/2017,0.0634
26/04/2017,0.0737
27/04/2017,0.0832
28/04/2017,0.0847
01/05/2017,0.0834
02/05/2017,0.081
03/05/2017,0.0716
04/05/2017,0.0755
05/05/2017,0.0731
08/05/2017,0.0614
09/05/2017,0.0565
10/05/2017,0.0489
11/05/2017,0.0398
12/05/2017,0.0393
15/05/2017,0.0366
16/05/2017,0.0326
17/05/2017,0.0418
18/05/2017,0.0397
19/05/2017,0.0411
22/05/2017,0.038
23/05/2017,0.0315
24/05/2017,0.0244
25/05/2017,0.0194
26/05/2017,0.0193
29/05/2017,0.0174
30/05/2017,0.0149
31/05/2017,0.0118
01/06/2017,0.01
02/06/2017,0.0089
05/06/2017,0.0074
06/06/2017,0.0049
07/06/2017,0.0053
08/06/2017,0.0047
09/06/2017,0.0108
12/06/2017,0.0108
13/06/2017,0.013
14/06/2017,0.0125
15/06/2017,0.007
16/06/2017,0.0073
19/06/2017,0.0077
20/06/2017,0.0085
21/06/2017,0.0091
22/06/2017,0.0098
23/06/2017,0.0092
26/06/2017,0.0096
27/06/2017,0.0086
28/06/2017,0.0092
29/06/2017,0.0167
30/06/2017,0.0167
03/07/2017,0.0162
04/07/2017,0.0145
05/07/2017,0.012
06/07/2017,0.0143
07/07/2017,0.012
10/07/2017,0.0108
11/07/2017,0.0087
12/07/2017,0.0118
13/07/2017,0.011
14/07/2017,0.0104
17/07/2017,0.0101
18/07/2017,0.0085
19/07/2017,0.0087
20/07/2017,0.0075
21/07/2017,0.0087
24/07/2017,0.0074
25/07/2017,0.0076
26/07/2017,0.0067
27/07/2017,0.0062
28/07/2017,0.0054
31/07/2017,0.0047
01/08/2017,0.0054
02/08/2017,0.0048
03/08/2017,0.0051
04/08/2017,0.0048
07/08/2017,0.0049
08/08/2017,0.0051
09/08/2017,0.0079
10/08/2017,0.009
11/08/2017,0.0107
14/08/2017,0.0112
15/08/2017,0.0094
16/08/2017,0.0078
17/08/2017,0.0073
18/08/2017,0.0065
21/08/2017,0.0058
22/08/2017,0.0054
23/08/2017,0.0041
24/08/2017,0.0035
25/08/2017,0.0018
28/08/2017,0.0014
29/08/2017,0.0034
30/08/2017,0.0045
31/08/2017,0.0036
01/09/2017,0.0028
04/09/2017,0.0023
05/09/2017,0.0031
06/09/2017,0.0023
07/09/2017,0.0023
08/09/2017,0.0024
11/09/2017,0.0036
12/09/2017,0.0076
13/09/2017,0.0068
14/09/2017,0.0084
15/09/2017,0.0095
18/09/2017,0.009
19/09/2017,0.0083
20/09/2017,0.0066
21/09/2017,0.0064
22/09/2017,0.0077
25/09/2017,0.0048
26/09/2017,0.0055
27/09/2017,0.0047
28/09/2017,0.0055
29/09/2017,0.0075
02/10/2017,0.0073
03/10/2017,0.0097
04/10/2017,0.009
05/10/2017,0.0109
06/10/2017,0.0114
09/10/2017,0.0143
10/10/2017,0.0123
11/10/2017,0.0117
12/10/2017,0.0112
13/10/2017,0.0083
16/10/2017,0.0066
17/10/2017,0.0058
18/10/2017,0.0033
19/10/2017,0.0045
20/10/2017,0.0043
23/10/2017,0.0038
24/10/2017,0.004
25/10/2017,0.004
26/10/2017,0.0082
27/10/2017,0.01
30/10/2017,0.0096
31/10/2017,0.009
01/11/2017,0.0075
02/11/2017,0.0088
03/11/2017,0.0073
06/11/2017,0.0068
07/11/2017,0.0059
08/11/2017,0.0074
09/11/2017,0.003
10/11/2017,0.0032
13/11/2017,0.0034
14/11/2017,0.0018
15/11/2017,0.0018
16/11/2017,0.0022
17/11/2017,0.0018
20/11/2017,0.0025
21/11/2017,0.0028
22/11/2017,0.0019
23/11/2017,0.0023
24/11/2017,0.0011
27/11/2017,0.0007
28/11/2017,0.0012
29/11/2017,0.0008
30/11/2017,0.0013
01/12/2017,0.0043
04/12/2017,0.0052
05/12/2017,0.0044
06/12/2017,0.0045
07/12/2017,0.0032
08/12/2017,0.0033
11/12/2017,0.0032
12/12/2017,0.0032
13/12/2017,0.002
14/12/2017,0.0016
15/12/2017,0.0017
18/12/2017,0.0018
19/12/2017,0.003
20/12/2017,0.0035
21/12/2017,0.0023
22/12/2017,0.0019
25/12/2017,0.0016
26/12/2017,0.0016
27/12/2017,0.0015
28/12/2017,0.0012
29/12/2017,0.0013
01/01/2018,0.0014
02/01/2018,0.0015
03/01/2018,0.0014
04/01/2018,0.0024
05/01/2018,0.0019
08/01/2018,0.0019
09/01/2018,0.0017
10/01/2018,0.0033
11/01/2018,0.0058
12/01/2018,0.0091
15/01/2018,0.0057
16/01/2018,0.0035
17/01/2018,0.0039
18/01/2018,0.002
19/01/2018,0.0012
22/01/2018,0.0012
23/01/2018,0.001
24/01/2018,0.0024
25/01/2018,0.002
26/01/2018,0.0013
29/01/2018,0.0015
30/01/2018,0.002
31/01/2018,0.0013
01/02/2018,0.0017
02/02/2018,0.0073
05/02/2018,0.0208
06/02/2018,0.0342
07/02/2018,0.0448
08/02/2018,0.0503
09/02/2018,0.0496
12/02/2018,0.0454
13/02/2018,0.0408
14/02/2018,0.035
15/02/2018,0.031
16/02/2018,0.0318
19/02/2018,0.0299
20/02/2018,0.0248
21/02/2018,0.0212
22/02/2018,0.0188
23/02/2018,0.0165
26/02/2018,0.0139
27/02/2018,0.0118
28/02/2018,0.0094
01/03/2018,0.0111
02/03/2018,0.0153
05/03/2018,0.0155
06/03/2018,0.0134
07/03/2018,0.0128
08/03/2018,0.0107
09/03/2018,0.0093
12/03/2018,0.0082
13/03/2018,0.0085
14/03/2018,0.0075
15/03/2018,0.0056
16/03/2018,0.0048
19/03/2018,0.0061
20/03/2018,0.0053
21/03/2018,0.0048
22/03/2018,0.0159
23/03/2018,0.0232
26/03/2018,0.0321
27/03/2018,0.0367
28/03/2018,0.0388
29/03/2018,0.0367
30/03/2018,0.0323
02/04/2018,0.0264
03/04/2018,0.0219
04/04/2018,0.0194
05/04/2018,0.0217
06/04/2018,0.0201
09/04/2018,0.0187
10/04/2018,0.0172
11/04/2018,0.0169
12/04/2018,0.0135
13/04/2018,0.0139
16/04/2018,0.0124
17/04/2018,0.0129
18/04/2018,0.01
19/04/2018,0.0055
20/04/2018,0.0046
23/04/2018,0.0035
24/04/2018,0.0034
25/04/2018,0.0035
26/04/2018,0.0028
27/04/2018,0.0025
30/04/2018,0.0025
01/05/2018,0.0027
02/05/2018,0.0024
03/05/2018,0.0017
04/05/2018,0.0017
07/05/2018,0.0024
08/05/2018,0.0023
09/05/2018,0.0029
10/05/2018,0.0036
11/05/2018,0.0041
14/05/2018,0.0035
15/05/2018,0.0025
16/05/2018,0.0023
17/05/2018,0.0024
18/05/2018,0.0044
21/05/2018,0.0073
22/05/2018,0.0092
23/05/2018,0.0123
24/05/2018,0.0157
25/05/2018,0.0206
28/05/2018,0.0231
29/05/2018,0.0558
30/05/2018,0.0723
31/05/2018,0.0797
01/06/2018,0.077
04/06/2018,0.0747
05/06/2018,0.0776
06/06/2018,0.08
07/06/2018,0.0778
08/06/2018,0.0782
11/06/2018,0.0778
12/06/2018,0.0743
13/06/2018,0.0709
14/06/2018,0.0778
15/06/2018,0.0754
18/06/2018,0.0717
19/06/2018,0.0684
20/06/2018,0.0626
21/06/2018,0.0592
22/06/2018,0.0513
25/06/2018,0.0517
26/06/2018,0.0487
27/06/2018,0.0518
28/06/2018,0.0487
29/06/2018,0.0516
02/07/2018,0.0591
03/07/2018,0.06
04/07/2018,0.0456
05/07/2018,0.0443
06/07/2018,0.0421
09/07/2018,0.0393
10/07/2018,0.039
11/07/2018,0.0407
12/07/2018,0.0412
13/07/2018,0.039
16/07/2018,0.0346
17/07/2018,0.0342
18/07/2018,0.0351
19/07/2018,0.0325
20/07/2018,0.0254
23/07/2018,0.0225
24/07/2018,0.0197
25/07/2018,0.0201
26/07/2018,0.0168
27/07/2018,0.0185
30/07/2018,0.0137
31/07/2018,0.0135
01/08/2018,0.0094
02/08/2018,0.0067
03/08/2018,0.0069
06/08/2018,0.0079
07/08/2018,0.0073
08/08/2018,0.0067
09/08/2018,0.0056
10/08/2018,0.0142
13/08/2018,0.0182
14/08/2018,0.0194
15/08/2018,0.0234
16/08/2018,0.0225
17/08/2018,0.021
20/08/2018,0.0195
21/08/2018,0.0172
22/08/2018,0.015
23/08/2018,0.0142
24/08/2018,0.0127
27/08/2018,0.0092
28/08/2018,0.0112
29/08/2018,0.007
30/08/2018,0.0077
31/08/2018,0.0123
03/09/2018,0.0148
04/09/2018,0.0141
05/09/2018,0.0163
06/09/2018,0.0181
07/09/2018,0.0197
10/09/2018,0.0186
11/09/2018,0.0179
12/09/2018,0.0179
13/09/2018,0.0127
14/09/2018,0.0104
17/09/2018,0.0094
18/09/2018,0.0092
19/09/2018,0.0086
20/09/2018,0.0048
21/09/2018,0.0055
24/09/2018,0.0054
25/09/2018,0.0048
26/09/2018,0.0046
27/09/2018,0.004
28/09/2018,0.0059
01/10/2018,0.0065
02/10/2018,0.0101
03/10/2018,0.0122
04/10/2018,0.0143
05/10/2018,0.0171
08/10/2018,0.0311
09/10/2018,0.0391
10/10/2018,0.0548
11/10/2018,0.0798
12/10/2018,0.0944
15/10/2018,0.0983
16/10/2018,0.1041
17/10/2018,0.1034
18/10/2018,0.107
19/10/2018,0.1049
22/10/2018,0.1051
23/10/2018,0.1259
24/10/2018,0.1216
25/10/2018,0.1254
26/10/2018,0.1358
29/10/2018,0.1448
30/10/2018,0.1396
31/10/2018,0.1309
01/11/2018,0.109
02/11/2018,0.1111
05/11/2018,0.1155
06/11/2018,0.1136
07/11/2018,0.1221
08/11/2018,0.1157
09/11/2018,0.1044
12/11/2018,0.0842
13/11/2018,0.0819
14/11/2018,0.0853
15/11/2018,0.0918
16/11/2018,0.0949
19/11/2018,0.1052
20/11/2018,0.1295
21/11/2018,0.1435
22/11/2018,0.1592
23/11/2018,0.1504
26/11/2018,0.159
27/11/2018,0.1606
28/11/2018,0.1479
29/11/2018,0.146
30/11/2018,0.1291
03/12/2018,0.1386
04/12/2018,0.1355
05/12/2018,0.1413
06/12/2018,0.156
07/12/2018,0.1633
10/12/2018,0.1875
11/12/2018,0.1909
12/12/2018,0.1984
13/12/2018,0.2001
14/12/2018,0.1876
17/12/2018,0.1955
18/12/2018,0.1957
19/12/2018,0.1893
20/12/2018,0.1964
21/12/2018,0.1747
24/12/2018,0.1764
25/12/2018,0.1712
26/12/2018,0.1592
27/12/2018,0.1627
28/12/2018,0.1727
31/12/2018,0.1702
01/01/2019,0.174
02/01/2019,0.1187
03/01/2019,0.1355
04/01/2019,0.1558
07/01/2019,0.1599
08/01/2019,0.1637
09/01/2019,0.1557
10/01/2019,0.1534
11/01/2019,0.1403
14/01/2019,0.1387
15/01/2019,0.1321
16/01/2019,0.1332
17/01/2019,0.1343
18/01/2019,0.1479
21/01/2019,0.1464
22/01/2019,0.1431
23/01/2019,0.142
24/01/2019,0.1203
25/01/2019,0.1062
28/01/2019,0.1129
29/01/2019,0.1155
30/01/2019,0.1107
31/01/2019,0.1036
01/02/2019,0.1019
04/02/2019,0.0889
05/02/2019,0.0964
06/02/2019,0.0925
07/02/2019,0.0974
08/02/2019,0.0974
11/02/2019,0.0945
12/02/2019,0.0897
13/02/2019,0.087
14/02/2019,0.0851
15/02/2019,0.0933
18/02/2019,0.0916
19/02/2019,0.0893
20/02/2019,0.0889
21/02/2019,0.0785
22/02/2019,0.0703
25/02/2019,0.0673
26/02/2019,0.0606
27/02/2019,0.0561
28/02/2019,0.0555
01/03/2019,0.0547
04/03/2019,0.0492
05/03/2019,0.0475
06/03/2019,0.0419
07/03/2019,0.0276
08/03/2019,0.0381
11/03/2019,0.0518
12/03/2019,0.0564
13/03/2019,0.0612
14/03/2019,0.0597
15/03/2019,0.0579
18/03/2019,0.0614
19/03/2019,0.055
20/03/2019,0.0565
21/03/2019,0.0578
22/03/2019,0.0584
25/03/2019,0.0715
26/03/2019,0.0734
27/03/2019,0.0838
28/03/2019,0.09
29/03/2019,0.0871
01/04/2019,0.09
02/04/2019,0.0867
03/04/2019,0.0793
04/04/2019,0.0795
05/04/2019,0.0726
08/04/2019,0.0645
09/04/2019,0.0549
10/04/2019,0.0476
11/04/2019,0.0427
12/04/2019,0.0394
15/04/2019,0.0373
16/04/2019,0.0358
17/04/2019,0.031
18/04/2019,0.0285
19/04/2019,0.0266
22/04/2019,0.0254
23/04/2019,0.0249
24/04/2019,0.0246
25/04/2019,0.0223
26/04/2019,0.0201
29/04/2019,0.017
30/04/2019,0.0144
01/05/2019,0.0132
02/05/2019,0.0125
03/05/2019,0.0095
06/05/2019,0.0074
07/05/2019,0.0091
08/05/2019,0.0118
09/05/2019,0.0244
10/05/2019,0.0298
13/05/2019,0.0429
14/05/2019,0.051
15/05/2019,0.0539
16/05/2019,0.0565
17/05/2019,0.0555
20/05/2019,0.0641
21/05/2019,0.0617
22/05/2019,0.0608
23/05/2019,0.0716
24/05/2019,0.0735
27/05/2019,0.0732
28/05/2019,0.0686
29/05/2019,0.0804
30/05/2019,0.0817
31/05/2019,0.0822
03/06/2019,0.0809
04/06/2019,0.0858
05/06/2019,0.0822
06/06/2019,0.0781
07/06/2019,0.079
10/06/2019,0.0707
11/06/2019,0.0649
12/06/2019,0.0646
13/06/2019,0.0585
14/06/2019,0.055
17/06/2019,0.0448
18/06/2019,0.0309
19/06/2019,0.0246
20/06/2019,0.0258
21/06/2019,0.0253
24/06/2019,0.0215
25/06/2019,0.0214
26/06/2019,0.0193
27/06/2019,0.0216
28/06/2019,0.0202
01/07/2019,0.0166
02/07/2019,0.0163
03/07/2019,0.0145
04/07/2019,0.0148
05/07/2019,0.0125
08/07/2019,0.0128
09/07/2019,0.0133
10/07/2019,0.0115
11/07/2019,0.0129
12/07/2019,0.0146
15/07/2019,0.0159
16/07/2019,0.0135
17/07/2019,0.0134
18/07/2019,0.0114
19/07/2019,0.0114
22/07/2019,0.0131
23/07/2019,0.0097
24/07/2019,0.0091
25/07/2019,0.0082
26/07/2019,0.0068
29/07/2019,0.0051
30/07/2019,0.0107
31/07/2019,0.0139
01/08/2019,0.0157
02/08/2019,0.0343
05/08/2019,0.0581
06/08/2019,0.0713
07/08/2019,0.0761
08/08/2019,0.0813
09/08/2019,0.1042
12/08/2019,0.1077
13/08/2019,0.105
14/08/2019,0.1182
15/08/2019,0.1256
16/08/2019,0.146
19/08/2019,0.1527
20/08/2019,0.1629
21/08/2019,0.1606
22/08/2019,0.1746
23/08/2019,0.1816
26/08/2019,0.1703
27/08/2019,0.1672
28/08/2019,0.1672
29/08/2019,0.1587
30/08/2019,0.1372
02/09/2019,0.1286
03/09/2019,0.1226
04/09/2019,0.1115
05/09/2019,0.1309
06/09/2019,0.1311
09/09/2019,0.1244
10/09/2019,0.1184
11/09/2019,0.1169
12/09/2019,0.1063
13/09/2019,0.135
16/09/2019,0.1121
17/09/2019,0.1031
18/09/2019,0.1037
19/09/2019,0.1126
20/09/2019,0.1009
23/09/2019,0.1057
24/09/2019,0.0999
25/09/2019,0.0897
26/09/2019,0.0843
27/09/2019,0.078
30/09/2019,0.0731
01/10/2019,0.0634
02/10/2019,0.0615
03/10/2019,0.0739
04/10/2019,0.0759
07/10/2019,0.0769
08/10/2019,0.0748
09/10/2019,0.0714
10/10/2019,0.0723
11/10/2019,0.0924
14/10/2019,0.0971
15/10/2019,0.1073
16/10/2019,0.1074
17/10/2019,0.1023
18/10/2019,0.0963
21/10/2019,0.0951
22/10/2019,0.0887
23/10/2019,0.0817
24/10/2019,0.0746
25/10/2019,0.0685
28/10/2019,0.0611
29/10/2019,0.056
30/10/2019,0.0521
31/10/2019,0.0484
01/11/2019,0.046
04/11/2019,0.0444
05/11/2019,0.0444
06/11/2019,0.0389
07/11/2019,0.0421
08/11/2019,0.0415
11/11/2019,0.0381
12/11/2019,0.0354
13/11/2019,0.0398
14/11/2019,0.0404
15/11/2019,0.0396
18/11/2019,0.0365
19/11/2019,0.0358
20/11/2019,0.0317
21/11/2019,0.0291
22/11/2019,0.0297
25/11/2019,0.0238
26/11/2019,0.0241
27/11/2019,0.0176
28/11/2019,0.0165
29/11/2019,0.0151
02/12/2019,0.0084
03/12/2019,0.0145
04/12/2019,0.0209
05/12/2019,0.0237
06/12/2019,0.026
09/12/2019,0.0259
10/12/2019,0.0244
11/12/2019,0.0248
12/12/2019,0.0231
13/12/2019,0.0254
16/12/2019,0.0266
17/12/2019,0.0281
18/12/2019,0.029
19/12/2019,0.0279
20/12/2019,0.0276
23/12/2019,0.0308
24/12/2019,0.0326
25/12/2019,0.0329
26/12/2019,0.0342
27/12/2019,0.0338
30/12/2019,0.0261
31/12/2019,0.0364
01/01/2020,0.0393
02/01/2020,0.027
03/01/2020,0.023
06/01/2020,0.0198
07/01/2020,0.0183
08/01/2020,0.0175
09/01/2020,0.0167
10/01/2020,0.0159
13/01/2020,0.0173
14/01/2020,0.0177
15/01/2020,0.015
16/01/2020,0.0133
17/01/2020,0.0097
20/01/2020,0.0086
21/01/2020,0.0079
22/01/2020,0.0072
23/01/2020,0.0067
24/01/2020,0.0052
27/01/2020,0.0202
28/01/2020,0.0235
29/01/2020,0.0223
30/01/2020,0.0251
31/01/2020,0.0333
03/02/2020,0.028
04/02/2020,0.0307
05/02/2020,0.0313
06/02/2020,0.0278
07/02/2020,0.023
10/02/2020,0.0177
11/02/2020,0.0188
12/02/2020,0.0192
13/02/2020,0.0195
14/02/2020,0.0172
17/02/2020,0.0174
18/02/2020,0.0149
19/02/2020,0.0119
20/02/2020,0.0131
21/02/2020,0.0112
24/02/2020,0.0323
25/02/2020,0.0457
26/02/2020,0.0639
27/02/2020,0.1136
28/02/2020,0.1706
02/03/2020,0.2146
03/03/2020,0.2525
04/03/2020,0.256
05/03/2020,0.2829
06/03/2020,0.3168
09/03/2020,0.4005
10/03/2020,0.4511
11/03/2020,0.4696
12/03/2020,0.5136
13/03/2020,0.5658
16/03/2020,0.5879
17/03/2020,0.6217
18/03/2020,0.6393
19/03/2020,0.6384
20/03/2020,0.6759
23/03/2020,0.6697
24/03/2020,0.6572
25/03/2020,0.6683
26/03/2020,0.6593
27/03/2020,0.6771
30/03/2020,0.6881
31/03/2020,0.6704
01/04/2020,0.6904
02/04/2020,0.6773
03/04/2020,0.6711
06/04/2020,0.6485
07/04/2020,0.6346
08/04/2020,0.6145
09/04/2020,0.5946
10/04/2020,0.5619
13/04/2020,0.5478
14/04/2020,0.5235
15/04/2020,0.5309
16/04/2020,0.5126
17/04/2020,0.4923
20/04/2020,0.4696
21/04/2020,0.4825
22/04/2020,0.4789
23/04/2020,0.4618
24/04/2020,0.4463
27/04/2020,0.4304
28/04/2020,0.4112
29/04/2020,0.395
30/04/2020,0.381
01/05/2020,0.3919
04/05/2020,0.3696
05/05/2020,0.3625
06/05/2020,0.366
07/05/2020,0.3662
08/05/2020,0.3602
11/05/2020,0.3488
12/05/2020,0.3541
13/05/2020,0.3436
14/05/2020,0.3351
15/05/2020,0.3423
18/05/2020,0.3227
19/05/2020,0.3202
20/05/2020,0.3125
21/05/2020,0.3046
22/05/2020,0.2861
25/05/2020,0.265
26/05/2020,0.263
27/05/2020,0.266
28/05/2020,0.2469
29/05/2020,0.2459
01/06/2020,0.2609
02/06/2020,0.244
03/06/2020,0.2434
04/06/2020,0.2432
05/06/2020,0.2393
08/06/2020,0.2471
09/06/2020,0.25
10/06/2020,0.2475
11/06/2020,0.2763
12/06/2020,0.2731
15/06/2020,0.2631
16/06/2020,0.2535
17/06/2020,0.2509
18/06/2020,0.249
19/06/2020,0.2429
22/06/2020,0.2224
23/06/2020,0.2074
24/06/2020,0.2057
25/06/2020,0.2058
26/06/2020,0.2052
29/06/2020,0.1977
30/06/2020,0.2002
01/07/2020,0.2144
02/07/2020,0.2279
03/07/2020,0.229
06/07/2020,0.2168
07/07/2020,0.212
08/07/2020,0.2032
09/07/2020,0.1908
10/07/2020,0.1811
13/07/2020,0.1826
14/07/2020,0.1891
15/07/2020,0.1946
16/07/2020,0.1955
17/07/2020,0.1844
20/07/2020,0.1798
21/07/2020,0.1579
22/07/2020,0.1469
23/07/2020,0.1402
24/07/2020,0.1357
27/07/2020,0.1293
28/07/2020,0.1211
29/07/2020,0.1127
30/07/2020,0.1374
31/07/2020,0.132
03/08/2020,0.1429
04/08/2020,0.1372
05/08/2020,0.1317
06/08/2020,0.14
07/08/2020,0.1317
10/08/2020,0.1211
11/08/2020,0.1332
12/08/2020,0.1206
13/08/2020,0.1258
14/08/2020,0.1291
17/08/2020,0.1321
18/08/2020,0.1189
19/08/2020,0.1091
20/08/2020,0.1057
21/08/2020,0.0943
24/08/2020,0.1033
25/08/2020,0.0897
26/08/2020,0.0863
27/08/2020,0.0905
28/08/2020,0.0797
31/08/2020,0.0756
01/09/2020,0.0658
02/09/2020,0.0702
03/09/2020,0.0725
04/09/2020,0.0756
07/09/2020,0.0681
08/09/2020,0.0692
09/09/2020,0.0763
10/09/2020,0.0891
11/09/2020,0.1018
14/09/2020,0.1071
15/09/2020,0.1021
16/09/2020,0.0934
17/09/2020,0.0914
18/09/2020,0.0951
21/09/2020,0.1277
22/09/2020,0.1267
23/09/2020,0.1264
24/09/2020,0.1288
25/09/2020,0.1262
28/09/2020,0.1329
29/09/2020,0.1233
30/09/2020,0.1238
01/10/2020,0.1257
02/10/2020,0.1306
05/10/2020,0.1135
06/10/2020,0.1074
07/10/2020,0.1035
08/10/2020,0.0953
09/10/2020,0.0927
12/10/2020,0.0872
13/10/2020,0.0817
14/10/2020,0.0771
15/10/2020,0.0923
16/10/2020,0.0954
19/10/2020,0.0915
20/10/2020,0.0808
21/10/2020,0.0925
22/10/2020,0.0927
23/10/2020,0.0993
26/10/2020,0.1143
27/10/2020,0.1132
28/10/2020,0.1251
29/10/2020,0.1219
30/10/2020,0.1196
02/11/2020,0.1244
03/11/2020,0.1187
04/11/2020,0.1241
05/11/2020,0.1118
06/11/2020,0.1069
09/11/2020,0.0581
10/11/2020,0.0688
11/11/2020,0.0717
12/11/2020,0.0896
13/11/2020,0.0966
14/11/2020,0.1015
16/11/2020,0.1001
17/11/2020,0.1011
18/11/2020,0.0988
19/11/2020,0.0979
20/11/2020,0.0921
23/11/2020,0.0854
24/11/2020,0.0731
25/11/2020,0.0647
26/11/2020,0.0583
27/11/2020,0.0584
30/11/2020,0.0534
01/12/2020,0.0314
02/12/2020,0.0305
03/12/2020,0.0283
04/12/2020,0.0276
07/12/2020,0.0259
08/12/2020,0.0228
09/12/2020,0.0197
10/12/2020,0.0218
11/12/2020,0.0243
14/12/2020,0.0243
15/12/2020,0.0277
16/12/2020,0.0236
17/12/2020,0.0215
18/12/2020,0.0227
21/12/2020,0.0259
22/12/2020,0.0287
23/12/2020,0.0278
24/12/2020,0.0283
25/12/2020,0.0273
28/12/2020,0.0335
29/12/2020,0.0308
30/12/2020,0.0284
31/12/2020,0.0248
01/01/2021,0.0197
04/01/2021,0.0243
05/01/2021,0.0207
06/01/2021,0.0207
07/01/2021,0.0216
08/01/2021,0.0217
11/01/2021,0.0154
12/01/2021,0.015
13/01/2021,0.014
14/01/2021,0.0179
15/01/2021,0.0113
18/01/2021,0.0121
19/01/2021,0.0104
20/01/2021,0.0103
21/01/2021,0.0097
22/01/2021,0.0109
25/01/2021,0.0098
26/01/2021,0.0103
27/01/2021,0.0124
28/01/2021,0.0161
29/01/2021,0.0177
01/02/2021,0.02
02/02/2021,0.0228
03/02/2021,0.0275
04/02/2021,0.0214
05/02/2021,0.0193
08/02/2021,0.022
09/02/2021,0.0196
10/02/2021,0.0194
11/02/2021,0.0213
12/02/2021,0.0198
15/02/2021,0.0167
16/02/2021,0.0131
17/02/2021,0.0104
18/02/2021,0.0092
19/02/2021,0.0094
21/02/2021,0.0097
22/02/2021,0.0079
23/02/2021,0.0068
24/02/2021,0.0066
25/02/2021,0.0055
26/02/2021,0.0096
01/03/2021,0.015
02/03/2021,0.0153
03/03/2021,0.0153
04/03/2021,0.0142
05/03/2021,0.0132
08/03/2021,0.0161
09/03/2021,0.0161
10/03/2021,0.016
11/03/2021,0.0139
12/03/2021,0.0118
13/03/2021,0.0117
15/03/2021,0.0122
16/03/2021,0.0112
17/03/2021,0.0092
18/03/2021,0.008
19/03/2021,0.0077
22/03/2021,0.0063
23/03/2021,0.0038
24/03/2021,0.0027
25/03/2021,0.0022
26/03/2021,0.0021
29/03/2021,0.0023
30/03/2021,0.0032
31/03/2021,0.0028
01/04/2021,0.0033
02/04/2021,0.0042
05/04/2021,0.005
06/04/2021,0.0075
07/04/2021,0.0077
08/04/2021,0.0068
09/04/2021,0.0078
12/04/2021,0.0071
13/04/2021,0.006
14/04/2021,0.0047
15/04/2021,0.0063
16/04/2021,0.0086
19/04/2021,0.0114
20/04/2021,0.0239
21/04/2021,0.0183
22/04/2021,0.0149
23/04/2021,0.0127
26/04/2021,0.0099
27/04/2021,0.0085
28/04/2021,0.0068
29/04/2021,0.0068
30/04/2021,0.0084
03/05/2021,0.0089
04/05/2021,0.0135
05/05/2021,0.0096
06/05/2021,0.0083
07/05/2021,0.0069
10/05/2021,0.0093
11/05/2021,0.0117
12/05/2021,0.0113
13/05/2021,0.009
14/05/2021,0.0072
17/05/2021,0.0051
18/05/2021,0.0048
19/05/2021,0.0042
20/05/2021,0.0033
21/05/2021,0.0025
24/05/2021,0.0024
25/05/2021,0.0037
26/05/2021,0.0065
27/05/2021,0.0096
28/05/2021,0.0084
31/05/2021,0.0107
01/06/2021,0.011
02/06/2021,0.0113
03/06/2021,0.0135
04/06/2021,0.0117
05/06/2021,0.0095
07/06/2021,0.0091
08/06/2021,0.0084
09/06/2021,0.0084
10/06/2021,0.0088
11/06/2021,0.0078
14/06/2021,0.0051
15/06/2021,0.0053
16/06/2021,0.0095
17/06/2021,0.0157
18/06/2021,0.0317
21/06/2021,0.0313
22/06/2021,0.0248
23/06/2021,0.0241
24/06/2021,0.0198
25/06/2021,0.0167
28/06/2021,0.0174
29/06/2021,0.0128
30/06/2021,0.0164
01/07/2021,0.0144
02/07/2021,0.0139
05/07/2021,0.0115
06/07/2021,0.018
07/07/2021,0.0162
08/07/2021,0.0282
09/07/2021,0.0272
12/07/2021,0.0191
13/07/2021,0.0158
14/07/2021,0.0122
15/07/2021,0.0109
16/07/2021,0.0094
19/07/2021,0.017
20/07/2021,0.0156
21/07/2021,0.0137
22/07/2021,0.0123
23/07/2021,0.0098
26/07/2021,0.0083
27/07/2021,0.0067
28/07/2021,0.006
29/07/2021,0.0054
30/07/2021,0.0043
02/08/2021,0.0043
03/08/2021,0.0037
04/08/2021,0.0035
05/08/2021,0.0033
06/08/2021,0.003
09/08/2021,0.0029
10/08/2021,0.0026
11/08/2021,0.0024
12/08/2021,0.0022
13/08/2021,0.0019
16/08/2021,0.0029
17/08/2021,0.003
18/08/2021,0.0024
19/08/2021,0.0083
20/08/2021,0.0074
23/08/2021,0.0067
24/08/2021,0.0051
25/08/2021,0.0061
26/08/2021,0.0053
27/08/2021,0.0048
30/08/2021,0.0043
31/08/2021,0.0062
01/09/2021,0.0068
02/09/2021,0.0057
03/09/2021,0.0078
06/09/2021,0.006
07/09/2021,0.0088
08/09/2021,0.013
09/09/2021,0.012
10/09/2021,0.0099
13/09/2021,0.0082
14/09/2021,0.0081
15/09/2021,0.0116
16/09/2021,0.0087
17/09/2021,0.01
20/09/2021,0.0275
21/09/2021,0.0214
22/09/2021,0.0159
23/09/2021,0.0161
24/09/2021,0.0142
27/09/2021,0.0119
28/09/2021,0.0174
29/09/2021,0.015
30/09/2021,0.0141
01/10/2021,0.0125
04/10/2021,0.011
05/10/2021,0.011
06/10/2021,0.0098
07/10/2021,0.0093
08/10/2021,0.0076
11/10/2021,0.0061
12/10/2021,0.0053
13/10/2021,0.004
14/10/2021,0.0043
15/10/2021,0.0039
18/10/2021,0.0034
19/10/2021,0.0034
20/10/2021,0.0031
21/10/2021,0.0027
22/10/2021,0.0031
25/10/2021,0.0036
26/10/2021,0.0037
27/10/2021,0.0071
28/10/2021,0.0067
29/10/2021,0.0106
01/11/2021,0.0102
02/11/2021,0.0104
03/11/2021,0.0093
04/11/2021,0.0128
05/11/2021,0.0116
08/11/2021,0.0086
09/11/2021,0.0093
10/11/2021,0.0103
11/11/2021,0.0117
12/11/2021,0.0154
15/11/2021,0.0209
16/11/2021,0.0249
17/11/2021,0.0284
18/11/2021,0.0291
19/11/2021,0.031
22/11/2021,0.0342
23/11/2021,0.0331
24/11/2021,0.0366
25/11/2021,0.0413
26/11/2021,0.0871
29/11/2021,0.1062
30/11/2021,0.1213
01/12/2021,0.12
02/12/2021,0.1254
03/12/2021,0.1294
06/12/2021,0.1314
07/12/2021,0.1291
08/12/2021,0.1324
09/12/2021,0.1313
10/12/2021,0.1289
13/12/2021,0.1092
14/12/2021,0.1045
15/12/2021,0.0936
16/12/2021,0.0869
17/12/2021,0.0706
20/12/2021,0.0679
21/12/2021,0.0771
22/12/2021,0.0728
23/12/2021,0.0775
24/12/2021,0.0721
27/12/2021,0.0695
28/12/2021,0.0654
29/12/2021,0.0655
30/12/2021,0.0591
31/12/2021,0.051
03/01/2022,0.0542
04/01/2022,0.0556
05/01/2022,0.0527
06/01/2022,0.0527
07/01/2022,0.0478
10/01/2022,0.0422
11/01/2022,0.0411
12/01/2022,0.0379
13/01/2022,0.0357
14/01/2022,0.0335
17/01/2022,0.0331
18/01/2022,0.0237
19/01/2022,0.0223
20/01/2022,0.022
21/01/2022,0.023
24/01/2022,0.0506
25/01/2022,0.0618
26/01/2022,0.0681
27/01/2022,0.0679
28/01/2022,0.076
31/01/2022,0.0619
01/02/2022,0.0666
02/02/2022,0.0694
03/02/2022,0.074
04/02/2022,0.1032
07/02/2022,0.123
08/02/2022,0.1365
09/02/2022,0.1379
10/02/2022,0.1397
11/02/2022,0.1364
14/02/2022,0.1476
15/02/2022,0.1516
16/02/2022,0.1483
17/02/2022,0.1468
18/02/2022,0.1411
21/02/2022,0.1447
22/02/2022,0.1428
23/02/2022,0.1368
24/02/2022,0.1382
25/02/2022,0.1333
28/02/2022,0.1369
01/03/2022,0.1647
02/03/2022,0.1688
03/03/2022,0.1845
04/03/2022,0.2415
07/03/2022,0.2984
08/03/2022,0.3246
09/03/2022,0.3542
10/03/2022,0.3854
11/03/2022,0.3951
14/03/2022,0.3964
15/03/2022,0.3907
16/03/2022,0.3822
17/03/2022,0.376
18/03/2022,0.3709
21/03/2022,0.3582
22/03/2022,0.3554
23/03/2022,0.3428
24/03/2022,0.3326
25/03/2022,0.3084
28/03/2022,0.3086
29/03/2022,0.3214
30/03/2022,0.3314
31/03/2022,0.3671
01/04/2022,0.3545
04/04/2022,0.3697
05/04/2022,0.3663
06/04/2022,0.3553
07/04/2022,0.3327
08/04/2022,0.3063
11/04/2022,0.2953
12/04/2022,0.2849
13/04/2022,0.2753
14/04/2022,0.2546
15/04/2022,0.2326
18/04/2022,0.2127
19/04/2022,0.2227
20/04/2022,0.2259
21/04/2022,0.2235
22/04/2022,0.2424
25/04/2022,0.2876
26/04/2022,0.3111
27/04/2022,0.3189
28/04/2022,0.3345
29/04/2022,0.336
02/05/2022,0.3415
03/05/2022,0.3315
04/05/2022,0.3212
05/05/2022,0.3587
06/05/2022,0.377
09/05/2022,0.3555
10/05/2022,0.3341
11/05/2022,0.3193
12/05/2022,0.3726
13/05/2022,0.3823
16/05/2022,0.3765
17/05/2022,0.3926
18/05/2022,0.4007
19/05/2022,0.4043
20/05/2022,0.3997
23/05/2022,0.4071
24/05/2022,0.4228
25/05/2022,0.4289
26/05/2022,0.4242
27/05/2022,0.412
30/05/2022,0.4034
31/05/2022,0.4021
01/06/2022,0.3942
02/06/2022,0.388
03/06/2022,0.3709
06/06/2022,0.3702
07/06/2022,0.3629
08/06/2022,0.3687
09/06/2022,0.4101
10/06/2022,0.4714
13/06/2022,0.4766
14/06/2022,0.4965
15/06/2022,0.5155
16/06/2022,0.544
17/06/2022,0.5608
20/06/2022,0.5615
21/06/2022,0.5549
22/06/2022,0.5496
23/06/2022,0.5574
24/06/2022,0.5399
27/06/2022,0.5087
28/06/2022,0.4822
29/06/2022,0.4769
30/06/2022,0.4662
01/07/2022,0.4554
04/07/2022,0.3932
05/07/2022,0.4464
06/07/2022,0.4501
07/07/2022,0.4497
08/07/2022,0.4397
11/07/2022,0.4461
12/07/2022,0.4288
13/07/2022,0.4201
14/07/2022,0.4241
15/07/2022,0.4104
18/07/2022,0.3941
19/07/2022,0.4056
20/07/2022,0.3873
21/07/2022,0.3757
22/07/2022,0.3695
25/07/2022,0.3558
26/07/2022,0.3681
27/07/2022,0.3775
28/07/2022,0.3956
29/07/2022,0.3969
01/08/2022,0.3895
02/08/2022,0.3939
03/08/2022,0.3893
04/08/2022,0.3786
05/08/2022,0.3834
08/08/2022,0.3731
09/08/2022,0.3628
10/08/2022,0.3728
11/08/2022,0.3535
12/08/2022,0.34
15/08/2022,0.3387
16/08/2022,0.3161
17/08/2022,0.2983
18/08/2022,0.3075
19/08/2022,0.3261
22/08/2022,0.365
23/08/2022,0.3628
24/08/2022,0.3485
25/08/2022,0.3311
26/08/2022,0.3261
29/08/2022,0.3224
30/08/2022,0.3155
31/08/2022,0.3197
01/09/2022,0.3502
02/09/2022,0.3681
05/09/2022,0.3692
06/09/2022,0.3705
07/09/2022,0.4079
08/09/2022,0.4162
09/09/2022,0.4286
12/09/2022,0.4341
13/09/2022,0.4516
14/09/2022,0.4597
15/09/2022,0.4696
16/09/2022,0.4849
19/09/2022,0.4616
20/09/2022,0.4724
21/09/2022,0.5014
22/09/2022,0.5111
23/09/2022,0.6152
26/09/2022,0.6344
27/09/2022,0.6552
28/09/2022,0.6791
29/09/2022,0.7021
30/09/2022,0.6986
03/10/2022,0.6955
04/10/2022,0.7235
05/10/2022,0.7271
06/10/2022,0.7303
07/10/2022,0.7295
10/10/2022,0.7117
11/10/2022,0.7051
12/10/2022,0.706
13/10/2022,0.713
14/10/2022,0.703
17/10/2022,0.7353
18/10/2022,0.7153
19/10/2022,0.7042
20/10/2022,0.6781
21/10/2022,0.6722
24/10/2022,0.6665
25/10/2022,0.6691
26/10/2022,0.6472
27/10/2022,0.6494
28/10/2022,0.625
29/10/2022,0.6031
31/10/2022,0.6012
01/11/2022,0.5667
02/11/2022,0.5522
03/11/2022,0.5711
04/11/2022,0.5973
07/11/2022,0.5794
08/11/2022,0.5535
09/11/2022,0.5347
10/11/2022,0.5751
11/11/2022,0.5553
14/11/2022,0.516
15/11/2022,0.4925
16/11/2022,0.4808
17/11/2022,0.4558
18/11/2022,0.4361
21/11/2022,0.4265
22/11/2022,0.403
23/11/2022,0.3923
24/11/2022,0.3761
25/11/2022,0.3511
26/11/2022,0.3619
28/11/2022,0.3516
29/11/2022,0.3237
30/11/2022,0.3156
01/12/2022,0.3208
02/12/2022,0.3019
05/12/2022,0.2933
06/12/2022,0.2872
07/12/2022,0.2725
08/12/2022,0.26
09/12/2022,0.2345
12/12/2022,0.2305
13/12/2022,0.2217
14/12/2022,0.223
15/12/2022,0.2519
16/12/2022,0.2939
19/12/2022,0.302
20/12/2022,0.3103
21/12/2022,0.3263
22/12/2022,0.3366
23/12/2022,0.325
26/12/2022,0.3164
27/12/2022,0.3197
28/12/2022,0.3153
29/12/2022,0.3044
30/12/2022,0.2972
02/01/2023,0.2985
03/01/2023,0.2398
04/01/2023,0.2484
05/01/2023,0.2366
06/01/2023,0.2427
09/01/2023,0.2435
10/01/2023,0.2373
11/01/2023,0.2296
12/01/2023,0.2343
13/01/2023,0.2267
16/01/2023,0.2126
17/01/2023,0.1823
18/01/2023,0.173
19/01/2023,0.1832
20/01/2023,0.1841
23/01/2023,0.1839
24/01/2023,0.1829
25/01/2023,0.1742
26/01/2023,0.1678
27/01/2023,0.1618
30/01/2023,0.1578
31/01/2023,0.1476
01/02/2023,0.1146
02/02/2023,0.1382
03/02/2023,0.1467
06/02/2023,0.1394
07/02/2023,0.1479
08/02/2023,0.1395
09/02/2023,0.1374
10/02/2023,0.136
13/02/2023,0.1431
14/02/2023,0.1422
15/02/2023,0.1324
16/02/2023,0.1227
17/02/2023,0.1218
20/02/2023,0.1149
21/02/2023,0.0982
22/02/2023,0.0857
23/02/2023,0.0839
24/02/2023,0.0846
27/02/2023,0.086
28/02/2023,0.0966
01/03/2023,0.0884
02/03/2023,0.0873
03/03/2023,0.0909
06/03/2023,0.0911
07/03/2023,0.0878
08/03/2023,0.0924
09/03/2023,0.0907
10/03/2023,0.1129
13/03/2023,0.1537
14/03/2023,0.1673
15/03/2023,0.2365
16/03/2023,0.2674
17/03/2023,0.2815
20/03/2023,0.2907
21/03/2023,0.3096
22/03/2023,0.3343
23/03/2023,0.3487
24/03/2023,0.3729
27/03/2023,0.3677
28/03/2023,0.3529
29/03/2023,0.3511
30/03/2023,0.3408
31/03/2023,0.3323
03/04/2023,0.3212
04/04/2023,0.3005
05/04/2023,0.2957
06/04/2023,0.2794
07/04/2023,0.2574
10/04/2023,0.2444
11/04/2023,0.2323
12/04/2023,0.2183
13/04/2023,0.207
14/04/2023,0.1925
17/04/2023,0.1781
18/04/2023,0.1685
19/04/2023,0.1593
20/04/2023,0.1575
21/04/2023,0.1536
24/04/2023,0.1469
25/04/2023,0.1467
26/04/2023,0.1411
27/04/2023,0.1419
28/04/2023,0.1457
01/05/2023,0.1514
02/05/2023,0.1558
03/05/2023,0.1587
04/05/2023,0.1616
05/05/2023,0.1636
08/05/2023,0.169
09/05/2023,0.1598
10/05/2023,0.1621
11/05/2023,0.1599
12/05/2023,0.1549
15/05/2023,0.1499
16/05/2023,0.1437
17/05/2023,0.1394
18/05/2023,0.1308
19/05/2023,0.1264
22/05/2023,0.1245
23/05/2023,0.11
24/05/2023,0.0997
25/05/2023,0.1093
26/05/2023,0.1113
29/05/2023,0.1247
30/05/2023,0.1307
31/05/2023,0.1299
01/06/2023,0.134
02/06/2023,0.149
03/06/2023,0.1466
05/06/2023,0.1587
06/06/2023,0.1642
07/06/2023,0.1642
08/06/2023,0.152
09/06/2023,0.1424
12/06/2023,0.1303
13/06/2023,0.1202
14/06/2023,0.1185
15/06/2023,0.0911
16/06/2023,0.0859
19/06/2023,0.0873
20/06/2023,0.0974
21/06/2023,0.083
22/06/2023,0.0886
23/06/2023,0.0915
26/06/2023,0.0906
27/06/2023,0.082
28/06/2023,0.0764
29/06/2023,0.0756
30/06/2023,0.0687
03/07/2023,0.0717
04/07/2023,0.0681
05/07/2023,0.0672
06/07/2023,0.0847
07/07/2023,0.0923
10/07/2023,0.1035
11/07/2023,0.1024
12/07/2023,0.0962
13/07/2023,0.1021
14/07/2023,0.1062
17/07/2023,0.1068
18/07/2023,0.1074
19/07/2023,0.1044
20/07/2023,0.0963
21/07/2023,0.0862
24/07/2023,0.0737
25/07/2023,0.0656
26/07/2023,0.0685
27/07/2023,0.0674
28/07/2023,0.0773
31/07/2023,0.0825
01/08/2023,0.0851
02/08/2023,0.0864
03/08/2023,0.0974
04/08/2023,0.0905
07/08/2023,0.0885
08/08/2023,0.0962
09/08/2023,0.0963
10/08/2023,0.1068
11/08/2023,0.1144
14/08/2023,0.113
15/08/2023,0.1144
16/08/2023,0.1026
17/08/2023,0.1048
18/08/2023,0.1055
21/08/2023,0.1019
22/08/2023,0.0926
23/08/2023,0.085
24/08/2023,0.0795
25/08/2023,0.08
28/08/2023,0.079
29/08/2023,0.0751
30/08/2023,0.072
31/08/2023,0.0554
01/09/2023,0.0592
04/09/2023,0.0662
05/09/2023,0.0631
06/09/2023,0.0581
07/09/2023,0.06
08/09/2023,0.0638
11/09/2023,0.0598
12/09/2023,0.0626
13/09/2023,0.0644
14/09/2023,0.0544
15/09/2023,0.0564
18/09/2023,0.0522
19/09/2023,0.0569
20/09/2023,0.0564
21/09/2023,0.0582
22/09/2023,0.0603
25/09/2023,0.0671
26/09/2023,0.0772
27/09/2023,0.0769
28/09/2023,0.0873
29/09/2023,0.1012
02/10/2023,0.0923
03/10/2023,0.1007
04/10/2023,0.1037
05/10/2023,0.104
06/10/2023,0.0934
09/10/2023,0.0994
10/10/2023,0.1241
11/10/2023,0.136
12/10/2023,0.1283
13/10/2023,0.1455
16/10/2023,0.1455
17/10/2023,0.1438
18/10/2023,0.1484
19/10/2023,0.1442
20/10/2023,0.1563
23/10/2023,0.1364
24/10/2023,0.1214
25/10/2023,0.1174
26/10/2023,0.1127
27/10/2023,0.1049
30/10/2023,0.098
31/10/2023,0.0819
01/11/2023,0.0821
02/11/2023,0.0913
03/11/2023,0.0853
06/11/2023,0.0932
07/11/2023,0.0951
08/11/2023,0.0955
09/11/2023,0.0978
10/11/2023,0.0999
13/11/2023,0.0925
14/11/2023,0.0862
15/11/2023,0.0912
16/11/2023,0.0952
17/11/2023,0.0976
20/11/2023,0.0981
21/11/2023,0.0993
22/11/2023,0.0998
23/11/2023,0.0999
24/11/2023,0.0966
27/11/2023,0.095
28/11/2023,0.0942
29/11/2023,0.0983
30/11/2023,0.0952
01/12/2023,0.0739
04/12/2023,0.0796
05/12/2023,0.0853
06/12/2023,0.0882
07/12/2023,0.0734
08/12/2023,0.0827
11/12/2023,0.0894
12/12/2023,0.0913
13/12/2023,0.0882
14/12/2023,0.0736
15/12/2023,0.0857
18/12/2023,0.0884
19/12/2023,0.1036
20/12/2023,0.112
21/12/2023,0.1213
22/12/2023,0.1277
25/12/2023,0.127
26/12/2023,0.1245
27/12/2023,0.1259
28/12/2023,0.1238
29/12/2023,0.124
01/01/2024,0.1158
02/01/2024,0.0923
03/01/2024,0.0701
04/01/2024,0.0748
05/01/2024,0.0756
08/01/2024,0.0717
09/01/2024,0.0653
10/01/2024,0.068
11/01/2024,0.0594
12/01/2024,0.0634
15/01/2024,0.0639
16/01/2024,0.0639
17/01/2024,0.063
18/01/2024,0.0573
19/01/2024,0.0493
22/01/2024,0.045
23/01/2024,0.0439
24/01/2024,0.039
25/01/2024,0.0367
26/01/2024,0.0415
29/01/2024,0.0429
30/01/2024,0.0453
31/01/2024,0.0476
01/02/2024,0.0389
02/02/2024,0.0363
05/02/2024,0.0371
06/02/2024,0.0371
07/02/2024,0.0435
08/02/2024,0.041
09/02/2024,0.0476
12/02/2024,0.0439
13/02/2024,0.0355
14/02/2024,0.034
15/02/2024,0.0385
16/02/2024,0.0414
19/02/2024,0.04
20/02/2024,0.0412
21/02/2024,0.0462
22/02/2024,0.0387
23/02/2024,0.0426
26/02/2024,0.0427
27/02/2024,0.045
28/02/2024,0.0433
29/02/2024,0.0431
01/03/2024,0.0409
03/03/2024,0.0396
04/03/2024,0.0389
05/03/2024,0.0396
06/03/2024,0.0385
07/03/2024,0.0358
08/03/2024,0.0302
11/03/2024,0.0271
12/03/2024,0.0211
13/03/2024,0.0206
14/03/2024,0.0192
15/03/2024,0.0164
18/03/2024,0.0161
19/03/2024,0.0091
20/03/2024,0.0081
21/03/2024,0.0071
22/03/2024,0.0115
25/03/2024,0.0165
26/03/2024,0.0167
27/03/2024,0.0184
28/03/2024,0.0172
29/03/2024,0.0172
01/04/2024,0.0168
02/04/2024,0.0185
03/04/2024,0.0165
04/04/2024,0.0185
05/04/2024,0.0125
08/04/2024,0.0132
09/04/2024,0.0104
10/04/2024,0.0086
11/04/2024,0.0113
12/04/2024,0.0155
15/04/2024,0.0182
16/04/2024,0.0206
17/04/2024,0.0238
18/04/2024,0.03
19/04/2024,0.0293
22/04/2024,0.0327
23/04/2024,0.0332
24/04/2024,0.0376
25/04/2024,0.0325
26/04/2024,0.0264
29/04/2024,0.0247
30/04/2024,0.022
01/05/2024,0.0208
02/05/2024,0.0216
03/05/2024,0.0225
06/05/2024,0.0266
07/05/2024,0.0358
08/05/2024,0.0369
09/05/2024,0.0351
10/05/2024,0.0378
13/05/2024,0.0317
14/05/2024,0.0309
15/05/2024,0.0308
16/05/2024,0.0238
17/05/2024,0.0227
20/05/2024,0.0199
21/05/2024,0.0163
22/05/2024,0.0142
23/05/2024,0.0181
24/05/2024,0.0173
27/05/2024,0.0186
28/05/2024,0.0161
29/05/2024,0.0089
30/05/2024,0.0097
31/05/2024,0.0101
03/06/2024,0.0112
04/06/2024,0.0063
05/06/2024,0.0074
06/06/2024,0.0094
07/06/2024,0.0084
10/06/2024,0.0087
11/06/2024,0.0107
12/06/2024,0.0152
13/06/2024,0.0225
14/06/2024,0.0454
17/06/2024,0.0529
18/06/2024,0.0604
19/06/2024,0.0658
20/06/2024,0.0754
21/06/2024,0.0803
24/06/2024,0.0834
25/06/2024,0.0845
26/06/2024,0.0855
27/06/2024,0.0837
28/06/2024,0.0828
01/07/2024,0.0862
02/07/2024,0.0772
03/07/2024,0.0738
04/07/2024,0.0708
05/07/2024,0.0651
08/07/2024,0.0582
09/07/2024,0.0545
10/07/2024,0.0512
11/07/2024,0.0426
12/07/2024,0.0447
15/07/2024,0.0419
16/07/2024,0.0403
17/07/2024,0.0342
18/07/2024,0.0311
19/07/2024,0.0346
22/07/2024,0.0391
23/07/2024,0.0344
24/07/2024,0.0418
25/07/2024,0.0579
26/07/2024,0.0557
29/07/2024,0.0615
30/07/2024,0.0629
31/07/2024,0.0711
01/08/2024,0.1021
02/08/2024,0.1385
05/08/2024,0.1859
06/08/2024,0.1931
07/08/2024,0.2131
08/08/2024,0.2187
09/08/2024,0.2133
12/08/2024,0.1929
13/08/2024,0.1791
14/08/2024,0.164
15/08/2024,0.1665
16/08/2024,0.1487
19/08/2024,0.1376
20/08/2024,0.1319
21/08/2024,0.1218
22/08/2024,0.1113
23/08/2024,0.1019
26/08/2024,0.0909
27/08/2024,0.08
28/08/2024,0.0656
29/08/2024,0.0564
30/08/2024,0.0479
02/09/2024,0.047
03/09/2024,0.06
04/09/2024,0.0656
05/09/2024,0.0664
06/09/2024,0.0839
09/09/2024,0.0729
10/09/2024,0.0693
11/09/2024,0.0707
12/09/2024,0.0696
13/09/2024,0.0692
16/09/2024,0.0631
17/09/2024,0.066
18/09/2024,0.0647
19/09/2024,0.0679
20/09/2024,0.0665
23/09/2024,0.0578
24/09/2024,0.064
25/09/2024,0.0669
26/09/2024,0.0658
27/09/2024,0.0704
30/09/2024,0.0575
01/10/2024,0.0726
02/10/2024,0.0781
03/10/2024,0.0627
04/10/2024,0.0648
07/10/2024,0.0612
08/10/2024,0.0584
09/10/2024,0.054
10/10/2024,0.0517
11/10/2024,0.0487
14/10/2024,0.0417
15/10/2024,0.0446
16/10/2024,0.0389
17/10/2024,0.0328
18/10/2024,0.03
21/10/2024,0.0313
22/10/2024,0.0267
23/10/2024,0.0243
24/10/2024,0.0226
25/10/2024,0.0208
28/10/2024,0.0181
29/10/2024,0.0191
30/10/2024,0.0175
31/10/2024,0.0228
01/11/2024,0.0204
04/11/2024,0.022
05/11/2024,0.0232
06/11/2024,0.0177
07/11/2024,0.0246
08/11/2024,0.0339
11/11/2024,0.0409
12/11/2024,0.0599
13/11/2024,0.0679
14/11/2024,0.0777
15/11/2024,0.068
18/11/2024,0.0601
19/11/2024,0.051
20/11/2024,0.0507
21/11/2024,0.0497
22/11/2024,0.0664
25/11/2024,0.068
26/11/2024,0.0679
27/11/2024,0.0688
28/11/2024,0.0635
29/11/2024,0.0576
02/12/2024,0.0622
03/12/2024,0.0545
04/12/2024,0.0468
05/12/2024,0.0481
06/12/2024,0.0446
09/12/2024,0.0369
10/12/2024,0.0304
11/12/2024,0.0228
12/12/2024,0.0237
13/12/2024,0.0246
16/12/2024,0.0256
17/12/2024,0.0245
18/12/2024,0.0214
19/12/2024,0.0326
20/12/2024,0.0345
23/12/2024,0.0369
24/12/2024,0.0364
25/12/2024,0.0326
26/12/2024,0.0295
27/12/2024,0.0251
30/12/2024,0.0274
31/12/2024,0.0251
01/01/2025,0.0241
02/01/2025,0.0193
03/01/2025,0.0178
06/01/2025,0.014
07/01/2025,0.0163
08/01/2025,0.0132
09/01/2025,0.0122
10/01/2025,0.011
13/01/2025,0.0107
14/01/2025,0.0089
15/01/2025,0.0176
16/01/2025,0.0191
17/01/2025,0.0181
20/01/2025,0.0167
21/01/2025,0.0167
22/01/2025,0.0169
23/01/2025,0.0153
24/01/2025,0.0152
27/01/2025,0.0168
28/01/2025,0.0158
29/01/2025,0.0147
30/01/2025,0.0182
31/01/2025,0.0167
03/02/2025,0.0141
04/02/2025,0.0121
05/02/2025,0.013
06/02/2025,0.0149
07/02/2025,0.013
10/02/2025,0.0125
11/02/2025,0.0141
12/02/2025,0.0173
13/02/2025,0.0155
14/02/2025,0.0133
17/02/2025,0.0115
18/02/2025,0.0107
19/02/2025,0.0074
20/02/2025,0.0053
21/02/2025,0.0061
24/02/2025,0.0054
25/02/2025,0.0068
26/02/2025,0.006
27/02/2025,0.0053
28/02/2025,0.0051
03/03/2025,0.0044
04/03/2025,0.0259
05/03/2025,0.0342
06/03/2025,0.0323
07/03/2025,0.0291
10/03/2025,0.027
11/03/2025,0.0288
12/03/2025,0.0252
13/03/2025,0.0208
14/03/2025,0.0234
17/03/2025,0.0225
18/03/2025,0.0195
19/03/2025,0.0161
20/03/2025,0.0131
21/03/2025,0.0101
24/03/2025,0.0104
25/03/2025,0.0104
26/03/2025,0.009
27/03/2025,0.0083
28/03/2025,0.0071
31/03/2025,0.0073
01/04/2025,0.0065
02/04/2025,0.0051
03/04/2025,0.0383
04/04/2025,0.1071
07/04/2025,0.1643
08/04/2025,0.1687
09/04/2025,0.1777
10/04/2025,0.1969
11/04/2025,0.2047
14/04/2025,0.1916
15/04/2025,0.178
16/04/2025,0.1775
17/04/2025,0.1713
18/04/2025,0.1616
21/04/2025,0.1535
22/04/2025,0.1414
23/04/2025,0.132
24/04/2025,0.131
25/04/2025,0.1157
28/04/2025,0.1078
29/04/2025,0.1005
30/04/2025,0.0984
01/05/2025,0.0721
02/05/2025,0.0719
05/05/2025,0.0565
06/05/2025,0.0499
07/05/2025,0.0477
08/05/2025,0.0455
09/05/2025,0.0401
12/05/2025,0.0424
13/05/2025,0.0304
14/05/2025,0.0247
15/05/2025,0.0215
16/05/2025,0.0189
19/05/2025,0.0204
20/05/2025,0.0219
21/05/2025,0.0197
22/05/2025,0.0175
23/05/2025,0.0259
26/05/2025,0.024
27/05/2025,0.0206
28/05/2025,0.0181
29/05/2025,0.0171
30/05/2025,0.0158
02/06/2025,0.015
03/06/2025,0.0122
04/06/2025,0.0109
05/06/2025,0.0168
06/06/2025,0.0145
09/06/2025,0.0132
10/06/2025,0.0195
11/06/2025,0.0206
12/06/2025,0.0246
13/06/2025,0.031
16/06/2025,0.0321
17/06/2025,0.0342
18/06/2025,0.0249
19/06/2025,0.0263
20/06/2025,0.0253
23/06/2025,0.0204
24/06/2025,0.0222
25/06/2025,0.0218
26/06/2025,0.0214
27/06/2025,0.0309
30/06/2025,0.0245
01/07/2025,0.0254
02/07/2025,0.0312
03/07/2025,0.033
04/07/2025,0.0334
07/07/2025,0.0322
08/07/2025,0.0299
09/07/2025,0.0225
10/07/2025,0.0221
11/07/2025,0.0297
14/07/2025,0.0289
15/07/2025,0.0292
16/07/2025,0.0313
17/07/2025,0.0303
18/07/2025,0.0296
21/07/2025,0.0418
22/07/2025,0.044
23/07/2025,0.0347
24/07/2025,0.0233
25/07/2025,0.0187
28/07/2025,0.0317
29/07/2025,0.0228
30/07/2025,0.0223
31/07/2025,0.0273
